Name,Email,Office,Designation,Role
Ramesh Kumar Yadav,ramesh.yadav@imd.gov.in,Nagpur RMC,Scientific Assistant (Instruments),trainee
Sunita Devi,sunita.devi@imd.gov.in,New Delhi HQ,Assistant Meteorologist,trainee
Anitha Krishnan,anitha.k@imd.gov.in,Chennai RMC,Meteorologist 'A',trainee
Priya Nair,priya.nair@imd.gov.in,Mumbai RMC,Scientific Assistant,trainee
Suresh Pillai,suresh.pillai@imd.gov.in,Kolkata RMC,Meteorologist 'B',trainee
Pooja Sharma,pooja.sharma@imd.gov.in,New Delhi HQ,Junior Scientific Assistant,trainee
Mohan Das,mohan.das@external-unauthorized.com,Kolkata RMC,Observing Officer Gr-II,trainee
Kiran Deka,kiran.deka@imd.gov.in,Guwahati NEC,Scientific Assistant,trainee
Gurpreet Kaur,gurpreet.kaur@imd.gov.in,New Delhi HQ,Assistant Meteorologist,trainee
Nandini Reddy,nandini.reddy@imd.gov.in,Chennai RMC,Meteorologist 'A',trainee
Harish Chandra Pant,harish.pant@imd.gov.in,Nagpur RMC,Observing Officer Gr-I,trainee
Snigdha Roy,snigdha.roy@imd.gov.in,Kolkata RMC,Scientific Assistant,trainee
Pradeep Jena,pradeep.jena@imd.gov.in,Kolkata RMC,Meteorologist 'A',trainee
Manju Swaminathan,manju.s@imd.gov.in,Chennai RMC,,trainee
Alok Ranjan,alok.ranjan@imd.gov.in,New Delhi HQ,Scientific Assistant,trainee
Sourav Ganguly,sourav.g@imd.gov.in,Kolkata RMC,Junior Scientific Assistant,trainee
Arvind Joshi,arvind.joshi@imd.gov.in,Mumbai RMC,Meteorologist 'A',trainee
Tanvi Deshmukh,tanvi.deshmukh@imd.gov.in,Nagpur RMC,Scientific Assistant,trainee
Sandeep Patil,sandeep.patil@imd.gov.in,Mumbai RMC,Assistant Meteorologist,trainee
Rinchen Norbu,rinchen.norbu@imd.gov.in,Guwahati NEC,High Altitude Observer,trainee
Latha Venkatraman,latha.v@imd.gov.in,Bangalore Sub-Centre,Scientific Assistant,trainee
Hemant Bisht,hemant.bisht@imd.gov.in,New Delhi HQ,Meteorologist 'B',trainee
Nilanjana Sen,nilanjana.sen@imd.gov.in,Kolkata RMC,Scientific Assistant,trainee
Gagandeep Singh,gagandeep.s@imd.gov.in,New Delhi HQ,Radar Technical Officer,trainee
Vandana Tripathi,vandana.t@imd.gov.in,Nagpur RMC,Meteorologist 'A',trainee